{"cameraMode":{"drawMode":0,"name":"Shaded","section":"Shading Mode"},"sceneLighting":true,"audioPlay":false,"sceneViewState":{"showFog":false,"showMaterialUpdate":false,"showSkybox":false,"showFlares":false,"showImageEffects":false,"showParticleSystems":false},"in2DMode":false,"pivot":{"x":0.8590580821037293,"y":0.31216347217559817,"z":-0.5403743982315064},"rotation":{"x":-0.7361783385276794,"y":-0.003248149761930108,"z":0.003537811804562807,"w":-0.6767823100090027},"size":5.40339469909668,"orthographic":false}