{"cameraMode":{"drawMode":0,"name":"Shaded","section":"Shading Mode"},"sceneLighting":false,"audioPlay":false,"sceneViewState":{"showFog":false,"showMaterialUpdate":false,"showSkybox":false,"showFlares":false,"showImageEffects":false,"showParticleSystems":false},"in2DMode":false,"pivot":{"x":0.000003814697265625,"y":65.15174865722656,"z":-0.00000762939453125},"rotation":{"x":-0.16188225150108338,"y":-0.012140115723013878,"z":0.0019952731672674419,"w":-0.9867374300956726},"size":60.26900100708008,"orthographic":false}